# microQ OS 2.23 factory sounds: 3 banks of 100, read off the emulated
# front panel LCD one Program Change at a time (tools/dump_presets.cpp).
# The names are NOT plain text in the ROM image -- scanning all 524288
# bytes for a 16-char name table at any stride finds nothing, so the
# running firmware is the only authority. Bank select is CC 32, not CC 0.
# The trailing initials are part of the 16-char name field as Waldorf
# shipped it (T, WMF, DK, HM, jh, PROX ... the sound designers).
#
# slot	name
A1	LosAngeles2019 T
A2	Rain         WMF
A3	Chor 2.0       S
A4	Zeitlos        T
A5	Expensive    WMF
A6	OBX Purple5 PROX
A7	Queen-mom     HM
A8	Juanita       HM
A9	Demolition    DK
A10	The Showroom   T
A11	Wartofsky      T
A12	Cut-Verb    WMF
A13	Visions of Q  jh
A14	MI5 Pad      ugh
A15	Tank Girl      T
A16	Attacke      WMF
A17	11KHz Solo    DK
A18	Ass age:101   HM
A19	Hypnose 2.0    S
A20	Cleanline 303 jh
A21	www.arp.com    T
A22	Giedi Prime    T
A23	Vince Clark 3 jh
A24	Night Flight   S
A25	EyesWideOpen  jh
A26	Heart Bass FM DK
A27	Sh-ARP         T
A28	KrautedHaus  ugh
A29	DEF           HM
A30	Kakophonia 1  HM
A31	BackStrings  WMF
A32	Flinker      WMF
A33	TheWidestEverWMF
A34	DuneSdTrak    HM
A35	PrincessStrgsWMF
A36	Namlooking     T
A37	Fiftyfive    SKY
A38	Liquid Strg  WMF
A39	CS100          T
A40	Enough Power   T
A41	Alphaville ?! jh
A42	Breit...     MiB
A43	Chord-Hose     T
A44	Cool Porta    HM
A45	Trennkost      S
A46	Deep Synth    DK
A47	Sounds BP     DK
A48	SH 2001       DK
A49	Vibro-Hook    HM
A50	Stuermer 2   WMF
A51	Killer Bass   DK
A52	707Bass       HM
A53	Narrow        HM
A54	Gum Bass     WMF
A55	NoreBass#2    HM
A56	Phalanx Bass  HM
A57	CCCP 70 E     HM
A58	Comb Clavi    HM
A59	FM-Rhodes 1   HM
A60	Shed          HM
A61	Wartz Piano1  HM
A62	Dirty Organ1 WMF
A63	Tankin`       HM
A64	Old * Uck     HM
A65	Testosteron   HM
A66	Juno Soul     DK
A67	PEG Horns     HM
A68	Polaris       HM
A69	PrincessBellsWMF
A70	Bells        WMF
A71	TributeTo DX WMF
A72	DollarBells  ugh
A73	Clock&Bells   RZ
A74	RainAfterSun  SK
A75	Phazer PWM    jh
A76	Choir Pad      S
A77	Ultimaterial  jh
A78	Broadway     ugh
A79	Dizzyland    WMF
A80	WaveDrone     FH
A81	Major Matrix MiB
A82	Pop Melodee   jh
A83	Jp8 TRACER    MS
A84	HornsOfJerichojh
A85	Meteor       WMF
A86	CombTutorial WMF
A87	TschingHisCan  T
A88	Phazed Chordz  S
A89	Panreduction WMF
A90	Pluto         HM
A91	One Note BP   DK
A92	Ritual        HM
A93	He's here!!!  jh
A94	Rubber        HM
A95	Buzzer 3     WMF
A96	Sierra Velone SK
A97	TheQBots      CC
A98	Bassline 3O3  jh
A99	Basssser      DK
A100	Moogish 2     DK
B1	Jazz Percssn WMF
B2	Wurlitzer104b HM
B3	Organ #2       S
B4	Funky Q       DK
B5	Wurlitzer     DK
B6	Ring Sequel PROX
B7	Bellophon     jh
B8	Qvation      WMF
B9	Plucked Nylon  S
B10	Pizzicated   WMF
B11	Sonnenaufgang  T
B12	FilterDenKammWMF
B13	Qool Water   MiB
B14	Dark Strings  jh
B15	Q-Sweep2      TK
B16	Score Edition jh
B17	Soap          HM
B18	Soft  Pad      S
B19	Wide Saw Pad   S
B20	FaMtastic     jh
B21	Kiddings      HM
B22	Poor Prophets HM
B23	LggSit        HM
B24	Like Wool     HM
B25	FlimmerStringsDK
B26	Padagogy       T
B27	PhaserStrings jh
B28	FMBP Sweep    jh
B29	Q-rious?     WMF
B30	ProducersPad ugh
B31	FransenHarfe  HM
B32	Western Wind ugh
B33	Giga Prune    HM
B34	Acostic Glue   S
B35	Chor 16'       S
B36	JMX vs. DeLeon T
B37	HighpassFixer jh
B38	Kl0ppelspitze HM
B39	Mono Sync     jh
B40	MurkSolo      HM
B41	Cry Baby      DK
B42	VintageSpringWMF
B43	Liquid Mel   WMF
B44	Zombie Nation  T
B45	PWMaster      SK
B46	Qliniqs !!!  MiB
B47	Quintage       T
B48	"Up And Down" jh
B49	Siegessaeule   T
B50	Saw Lead      HM
B51	Schubduese     T
B52	Sparkle Solo  DK
B53	TQ 303        DK
B54	Phat Beat     jh
B55	Moany         HM
B56	Naap! 3       HM
B57	Matrone       HM
B58	Tiny Solo     DK
B59	TuBerkel      DK
B60	Wells'Tripod WMF
B61	Crunchy Nuts  jh
B62	Aggreppo       T
B63	Tsching Lead   T
B64	Compromise K  HM
B65	Pressure DriveDK
B66	Freaky Syncro jh
B67	No Drive3     DK
B68	Juno Sound    DK
B69	DropBass 2001 jh
B70	Knurrhahn    WMF
B71	Bass-Turbation T
B72	Pulse Bass 1  DK
B73	Pulse P.41    jh
B74	PWM ResoBass  jh
B75	NoreBass#5    HM
B76	NoreBass#7    HM
B77	Q-Bass        TK
B78	Sawproof Bass jh
B79	NoAttackBass ugh
B80	Occybas       HM
B81	Deep Bass 9   jh
B82	FM SmurfBs    HM
B83	Conehead 1    HM
B84	Buzzer        DK
B85	FilterFM BassWMF
B86	Dust Brothers  T
B87	Q Visions   jh+T
B88	Love Van Dyke MS
B89	Diana-01      HM
B90	Alt Wave ArP  DK
B91	Torment       HM
B92	Tranceomania  jh
B93	Waver         HM
B94	hARPo          T
B95	GeeGaGooQ    WMF
B96	Limbo         HM
B97	Philicorda2   DK
B98	DanceSequence jh
B99	DeviantSerge  MS
B100	Furby Arp     jh
C1	The Beginning  T
C2	Atmotion       T
C3	VeryCompleqs WMF
C4	Brightseite    T
C5	TheDarkPlanet  T
C6	Q Tables      jh
C7	Trance-Port   HM
C8	Slow Wavetrip  T
C9	PDQ ;-) WT13 TEK
C10	Tranquilizer  HM
C11	S&H&Pad&Nice WMF
C12	Arctica      SKY
C13	The BORG       T
C14	Deep Space     T
C15	Kairos       STB
C16	The Fog      ugh
C17	HellsbugsIntroHM
C18	feel WAVE    TEK
C19	VocodaBass    SK
C20	Maschinenraum  S
C21	Animals       DK
C22	Tire-Guy      HM
C23	Spiders2001   EY
C24	Waterfone2001 EY
C25	BD-Q0Q       MiB
C26	Electric Drum jh
C27	Bee Drum      JF
C28	909 Kick 1   WMF
C29	909 Kick 2   WMF
C30	Q 808         jh
C31	ClipDrum      jh
C32	House Kick     T
C33	Techno Kick    T
C34	Linniskus     HM
C35	El Snare 1    JF
C36	E-Snare 2     jh
C37	Fast Snare    jh
C38	808 Snare 1  WMF
C39	808 Snare 2  WMF
C40	Thin Snare   WMF
C41	Snare 1      WMF
C42	Snare 2      WMF
C43	Metalic Snare DK
C44	SimmonsSnare   T
C45	Reso Snare    jh
C46	Noisy Snare   jh
C47	ClapsMuehle    T
C48	Claps Rev      T
C49	Claps 1      WMF
C50	Claps 2      WMF
C51	Claps 3      WMF
C52	High Head      T
C53	HH Closed 2   jh
C54	Band Hihat   WMF
C55	www.hihat.com  T
C56	Heavy HiHat  WMF
C57	El HiHat op   JF
C58	Open HiHat     T
C59	HH Open       jh
C60	TR66 Sidestk WMF
C61	Tom Lo         T
C62	Tom Hi         T
C63	Tom Mid        T
C64	Tympani       HM
C65	LoFi Perc      T
C66	Shot 1       WMF
C67	African Perc. jh
C68	Peer Cussion   T
C69	Percy Noises  jh
C70	Strom        WMF
C71	Tron Ring Game T
C72	Eperc A      ugh
C73	Fat Zaps      jh
C74	Zap Snap      jh
C75	FM Noises     jh
C76	LFO  Speeddwn jh
C77	LFO  Speedup  jh
C78	No way!        S
C79	Flash         DK
C80	Chinese Gong  jh
C81	Quiro        WMF
C82	Shattering FX jh
C83	Tribbles      DK
C84	Star Trek 1   jh
C85	Star Wars     jh
C86	Lenco Clean   HM
C87	ZeitlosVocoder T
C88	Comb+/-Vocoder T
C89	FM Vocoder    jh
C90	Crazy Vocoder  T
C91	Dr. Vocoder    T
C92	VocoderStrings T
C93	Arp+Voc=???    T
C94	Ext.Input FX   T
C95	Ext.InputCrazy T
C96	Arp Init
C97	Bass Init
C98	Lead Init
C99	Pad Init
C100	Init Sound 2.0
